{"Matern52": 0.05771076143338213, "linear": 0.06814846798791784, "RatQuad": 0.05877368670882635}