{"Matern52": [1.0, 2.2292644970774, 0.3, 1.0], "linear": [0.7987160091762645, 4.6860734178519134, 0.40491383860297475, 0.7763190651387278], "RatQuad": [0.5680549368944098, 2.0280432184801334, 6.065826204915971, 0.3, 1.0]}