{"name": "Matern52", "best parameters": {"variance": 2.3071032731338565, "lengthscale": 5.469114897881382, "a": 0.3, "mean_utility": 1.0}, "policy-diff": -5.1131985939281295}