{"Matern52": [5.089429639257508, 2.8095463984389255, 0.7, 0.041137238696461985], "linear": [7.927699879949772, 2.0447716984710964, 0.5709086988292928, 0.6220586254153341], "RatQuad": [0.01, 0.1, 0.1, 0.7, 0.0]}