{"Matern52": -0.09592603551638301, "linear": -0.08664361856305287, "RatQuad": -0.09582690085470515}