{"name": "RatQuad", "best parameters": {"variance": 8.839487362261742, "lengthscale": 0.10183674914383818, "a": 0.10416344950442155, "mean_utility": 0.3398700979001926}, "policy-diff": -4.902123205662948}