{"Matern52": [0.11486852490330242, 5.8516739995834], "linear": [0.8819449123347939, 8.160763719148711], "RatQuad": [1.0, 7.631077698946449, 3.8648227938714035]}