{"name": "linear", "best parameters": {"variance": 0.8401307233693767, "lengthscale": 1.4922513488441453}, "policy-diff": -3.840893176329561}